ticker,sector,cap,bars,data_integrity,signal_admissible,max_signal,bear_frequency,sideways_frequency,bull_frequency,transition_cells_covering_base_rate,overlap_persistence,stride_persistence,hit_rate,log_loss,baseline_log_loss,log_loss_delta,brier_score,baseline_brier,brier_delta,markov_gross_sharpe,markov_net_sharpe,baseline_net_sharpe,buy_hold_net_sharpe,markov_minus_baseline_sharpe,circular_null_percentile,circular_p_value,iid_null_percentile,cagr,max_drawdown,exposure,turnover,profit_factor,permutation_gate,baseline_gate,final_verdict
TCS.NS,Information Technology,Large Cap,2468,PASS,PASS,0.224537037037037,0.17647058823529413,0.548202614379085,0.27532679738562094,9,0.841537980302676,0.28348542192637155,0.499194847020934,1.0387914645809901,1.0074279700267317,-0.031363494554258464,0.6143805118806502,0.6004496591829839,-0.013930852697666363,0.18431256988128575,0.09117385579171598,0.39167926511190937,0.31754372429504935,-0.3005054093201934,60.699999999999996,0.3936063936063936,89.1,-0.003272878651494282,-0.5001197766884989,0.7350680070963926,19.820224719101123,1.0293345242918297,FAIL,FAIL,NO EVIDENCE OF EDGE
INFY.NS,Information Technology,Large Cap,2468,FAIL,PASS,0.15912208504801098,0.17933006535947713,0.516748366013072,0.30392156862745096,9,0.849743677445868,0.3246379033816813,0.5120627261761158,1.063782117485273,1.0501958245799266,-0.01358629290534652,0.637513278006843,0.6333292463421925,-0.004184031664650534,0.3740255428837163,0.3608362539320802,0.761726821748072,0.44790573215131485,-0.40089056781599186,68.89999999999999,0.3116883116883117,72.2,0.0636965331284407,-0.48171644951277054,0.9810762862211709,3.725606150206978,1.0703446029288957,FAIL,FAIL,NO EVIDENCE OF EDGE
WIPRO.NS,Information Technology,Large Cap,2468,FAIL,PASS,0.13801452784503632,0.20506535947712418,0.5089869281045751,0.28594771241830064,9,0.8541229612054746,0.35092646368378316,0.5120076849183477,1.0922247545940063,1.0815988835715542,-0.01062587102245205,0.6587832117712088,0.6542417541554586,-0.0045414576157502,0.35068310970886135,0.24285004972977434,0.7916025948493531,0.4025085228694776,-0.5487525451195788,60.099999999999994,0.3996003996003996,88.65030674846625,0.029721164987899895,-0.4696976311090548,0.615612063867534,24.141927853341215,1.0709344263884126,FAIL,FAIL,NO EVIDENCE OF EDGE
HCLTECH.NS,Information Technology,Large Cap,2468,PASS,PASS,0.1669291338582677,0.17238562091503268,0.5187908496732027,0.3088235294117647,9,0.8454717963305338,0.3275456086096594,0.5040322580645161,1.2416699304737204,1.0701606903905974,-0.17150924008312307,0.6630063602822934,0.6490878849786469,-0.013918475303646538,0.1460134075458195,0.06519414388254166,0.9549977283756406,0.7577026830431786,-0.8898035844930989,9.3,0.9070929070929071,2.1,-0.013126463257242982,-0.3972150776482544,0.7338852749852158,19.373151981076287,1.0202077779834327,FAIL,FAIL,NO EVIDENCE OF EDGE
TECHM.NS,Information Technology,Large Cap,2468,FAIL,PASS,0.2075149444918873,0.1830065359477124,0.4791666666666667,0.33782679738562094,9,0.8509936856039592,0.33987199307493837,0.5208955223880597,1.0448573141268187,1.037619424287936,-0.007237889838882738,0.6331564915571712,0.6278231163190509,-0.005333375238120386,1.1175278009504572,1.042208181700691,1.0571503035445893,0.6805220975315189,-0.014942121843898315,98.7,0.013986013986013986,100.0,0.2496552878066911,-0.24541755988495523,0.7930218805440568,18.031933767001775,1.2261111906761184,PASS,FAIL,NO EVIDENCE OF EDGE
HDFCBANK.NS,Financials,Large Cap,2468,PASS,PASS,0.16666666666666666,0.12990196078431374,0.6429738562091504,0.22712418300653595,9,0.854430662277164,0.3087662999371495,0.5067961165048543,0.9747219945443691,0.947206297685512,-0.02751569685885713,0.5611900185967338,0.5494975502166176,-0.011692468380116172,0.22572068873659068,0.1990896695732135,0.13917924480535707,0.27167098878278706,0.059910424767856435,70.7,0.2937062937062937,94.8,0.019821941000657706,-0.34995515869476806,0.9136605558840922,5.811945594322886,1.039904789406124,FAIL,PASS,NO EVIDENCE OF EDGE
ICICIBANK.NS,Financials,Large Cap,2468,FAIL,PASS,0.35220125786163525,0.12990196078431374,0.5612745098039216,0.3088235294117647,9,0.8459075446952612,0.3299228474348597,0.5180451127819549,0.9452346731129956,0.9383196768720167,-0.00691499624097891,0.5659173604790526,0.5642069452712134,-0.001710415207839211,0.6983640870673232,0.6352563789046082,0.7106772964692866,0.7809581142389824,-0.07542091756467839,40.2,0.5984015984015985,3.1,0.13881325331269623,-0.5073682601525386,0.7865168539325843,16.243642814902426,1.1579667651340932,FAIL,FAIL,NO EVIDENCE OF EDGE
SBIN.NS,Financials,Large Cap,2468,FAIL,PASS,0.1943844492440605,0.18913398692810457,0.4979575163398693,0.31290849673202614,9,0.8422369562761055,0.2947223063241201,0.5302083333333333,1.0488756976515372,1.023353741949509,-0.02552195570202831,0.6299376445398923,0.6172459967487052,-0.012691647791187144,0.23322022987264723,0.1252707312146782,0.9795741978428414,0.8850239026302414,-0.8543034666281633,2.5,0.975024975024975,5.800000000000001,0.0018097116131059465,-0.5798705116147956,0.5677114133648729,25.185097575399173,1.045198869662438,FAIL,FAIL,NO EVIDENCE OF EDGE
KOTAKBANK.NS,Financials,Large Cap,2468,PASS,PASS,0.16147308781869688,0.14501633986928106,0.6286764705882353,0.22630718954248366,9,0.8354310871149856,0.3150901550541603,0.49847405900305186,0.9504756241966007,0.9415316787621699,-0.008943945434430778,0.5508447784214983,0.5450244215264615,-0.005820356895036793,0.1875773318768721,0.11530626960585988,0.014315051151236421,0.2501431318596849,0.10099121845462346,66.7,0.3336663336663337,88.76288659793813,0.002616341343077311,-0.30730974391740823,0.5819041986989947,14.902424600827912,1.0345816831810033,FAIL,PASS,NO EVIDENCE OF EDGE
AXISBANK.NS,Financials,Large Cap,2468,FAIL,PASS,0.14044512663085187,0.18137254901960784,0.5339052287581699,0.2847222222222222,9,0.8533637940783199,0.3343822964682957,0.5134883720930232,1.0301672920799845,1.0171027771929018,-0.013064514887082712,0.6179000859060931,0.6109788671563718,-0.006921218749721292,0.8329476544234974,0.7153267175335358,0.5006737640681467,0.42887071761509177,0.21465295346538915,97.1,0.029970029970029972,99.8,0.13418255551223623,-0.25003157669228054,0.6363098758131284,24.2909520993495,1.1852643091072625,PASS,PASS,MODEL FAILURE
BAJFINANCE.NS,Financials,Large Cap,2468,FAIL,PASS,0.21153846153846154,0.20465686274509803,0.40727124183006536,0.3880718954248366,9,0.8472583052031637,0.34850467116686445,0.5152335815842924,1.117644629145301,1.0974074648270713,-0.02023716431822975,0.6750738293887059,0.6638941155086757,-0.01117971388003014,0.7826025837963221,0.7481179914250573,0.820058766839116,0.6264659502513573,-0.07194077541405874,86.3,0.13786213786213786,98.6,0.18997400540314469,-0.3220185290088009,0.8740390301596689,9.9846244825547,1.1580028403207145,FAIL,FAIL,NO EVIDENCE OF EDGE
BAJAJFINSV.NS,Financials,Large Cap,2468,FAIL,PASS,0.23038605230386053,0.19648692810457516,0.4681372549019608,0.335375816993464,9,0.8508605164204704,0.38630354897478186,0.5014705882352941,1.050596190533666,1.0495301279604128,-0.001066062573253257,0.6347713834907056,0.6338764620754128,-0.0008949214152927931,0.6469062561595373,0.5751593970651853,0.7292453356206322,0.585879148892864,-0.15408593855544694,76.3,0.23776223776223776,60.099999999999994,0.12320430910248725,-0.4117444038877215,0.804849201655825,18.628030751034892,1.1315696358941838,FAIL,FAIL,NO EVIDENCE OF EDGE
INDUSINDBK.NS,Financials,Large Cap,2468,FAIL,PASS,0.11601731601731602,0.22263071895424835,0.47671568627450983,0.3006535947712418,9,0.8487048442747955,0.3525036635128378,0.5186246418338109,1.0928531646926611,1.0943363652042677,0.0014832005116065528,0.6617065425977785,0.6641329105107492,0.002426367912970684,0.2705648575180014,0.19371817277575254,0.6620915052548008,0.17242286211035063,-0.4683733324790482,66.0,0.34065934065934067,87.51300728407908,0.002842308558609785,-0.6652185327060632,0.4121821407451212,25.78119455943229,1.0910063834763242,FAIL,FAIL,NO EVIDENCE OF EDGE
RELIANCE.NS,Energy,Large Cap,2468,PASS,PASS,0.1700507614213198,0.16094771241830066,0.5379901960784313,0.30106209150326796,9,0.8432509306616468,0.3318999718051993,0.514792899408284,1.0293753446414242,1.0131087505184087,-0.016266594123015565,0.613632103732487,0.6040415735713235,-0.009590530161163513,0.554256956981152,0.5537238818415681,0.3630722055302914,0.554256956981152,0.19065167631127666,84.2,0.15884115884115885,67.9,0.12194103508188525,-0.45088352661094333,1.0,0.14902424600827913,1.1084149604172209,FAIL,PASS,NO EVIDENCE OF EDGE
ONGC.NS,Energy,Large Cap,2468,FAIL,PASS,0.143236074270557,0.2099673202614379,0.4812091503267974,0.3088235294117647,9,0.8560725411368466,0.35347941114746423,0.5067064083457526,1.0682669438920867,1.057155078537816,-0.011111865354270556,0.6457265818538984,0.6389318059367769,-0.0067947759171215205,0.2972891152564566,0.22319825959293463,0.6306674734711673,0.5753071643350535,-0.40746921387823265,26.1,0.7392607392607392,72.5,0.02418430282750017,-0.36646476858273475,0.397397989355411,19.373151981076287,1.0837059596608758,FAIL,FAIL,NO EVIDENCE OF EDGE
NTPC.NS,Utilities,Large Cap,2468,FAIL,PASS,0.15378955114054452,0.16176470588235295,0.5629084967320261,0.27532679738562094,9,0.8419355629698718,0.36650258451636186,0.5211726384364821,1.0282124625503555,1.0278340144554954,-0.00037844809486009545,0.6197912431724627,0.620818649197681,0.001027406025218336,0.4147921326844933,0.2747362874541631,0.9524615485780352,0.8397087771820618,-0.6777252611238721,28.599999999999998,0.7142857142857143,32.5,0.03478384345568397,-0.43623271277477915,0.543465405085748,26.675340035481963,1.0828122525072725,FAIL,FAIL,NO EVIDENCE OF EDGE
POWERGRID.NS,Utilities,Large Cap,2468,PASS,PASS,0.21612903225806449,0.12867647058823528,0.6151960784313726,0.25612745098039214,9,0.827510695610539,0.3262106949115247,0.5246422893481717,0.9679138827984735,0.9604945456247669,-0.007419337173706575,0.5727085758589324,0.5726872061525523,-2.1369706380114373e-05,0.9286994765526851,0.805273903583205,0.47105811204168535,0.8068178315831377,0.3342157915415197,82.5,0.17582417582417584,75.3,0.16802608972017463,-0.26118075042036726,0.7445298639858072,27.56948551153164,1.1889797148071328,FAIL,PASS,NO EVIDENCE OF EDGE
BPCL.NS,Energy,Large Cap,2468,FAIL,PASS,0.1675485008818342,0.23161764705882354,0.4550653594771242,0.3133169934640523,9,0.8312507445151441,0.29155676724650986,0.4838709677419355,1.0689223336118483,1.0595090466559702,-0.009413286955878064,0.6456606537178345,0.6397740836140865,-0.005886570103748046,-0.12986146783703942,-0.23416739836464973,0.6182341938180064,0.48367513777642723,-0.8524015921826561,5.800000000000001,0.942057942057942,44.36548223350254,-0.062356688518151016,-0.5036357600523599,0.21998817267888823,20.26729745712596,0.9292944237175929,FAIL,FAIL,NO EVIDENCE OF EDGE
IOC.NS,Energy,Large Cap,2468,FAIL,FAIL,0.09931972789115645,0.23488562091503268,0.46486928104575165,0.3002450980392157,9,0.8480950065774465,0.34157752017350457,0.49586776859504134,1.0762005745280054,1.0627421570470215,-0.013458417480983975,0.6496836590971218,0.6416095444385772,-0.008074114658544573,0.00989573760056716,-0.07049265916590033,0.7621119193999747,0.5705185112958269,-0.832604578565875,24.8,0.7522477522477522,70.47619047619048,-0.016668080562908916,-0.26697777359487207,0.1419278533412182,10.13364872856298,0.9859487121504532,FAIL,FAIL,WEAK / INCONCLUSIVE
COALINDIA.NS,Energy,Large Cap,2468,PASS,PASS,0.10816326530612247,0.20098039215686275,0.5151143790849673,0.2839052287581699,9,0.8441727454273514,0.35669479422946937,0.49135802469135803,1.032098070739207,1.0268697768297057,-0.0052282939095011915,0.6192412599069279,0.6172587491327112,-0.001982510774216739,-0.5982163300027146,-0.6895142517902703,0.9200868662510288,0.820148784492566,-1.609601118041299,1.9,0.981018981018981,4.374364191251272,-0.12221422951280225,-0.6287714783105962,0.23950325251330573,15.49852158486103,0.7965314835384703,FAIL,FAIL,NO EVIDENCE OF EDGE
SUZLON.NS,Industrials,Mid/Small Cap,2468,FAIL,PASS,0.12739571589627957,0.3958333333333333,0.24183006535947713,0.36233660130718953,9,0.8312045932792577,0.3776007653467075,0.49024199843871974,1.1035490025084205,1.1080686454297006,0.004519642921280154,0.6698546218569557,0.6741963304418414,0.004341708584885695,-0.33197637157412707,-0.3839537697951167,1.578965909873071,1.1134222600456156,-1.9629196796681878,39.300000000000004,0.6073926073926074,48.19047619047619,-0.24935720380256254,-0.9276494235158759,0.7581312832643406,23.992903607332938,0.9304527702508321,FAIL,FAIL,NO EVIDENCE OF EDGE
MARUTI.NS,Consumer Discretionary,Large Cap,2468,FAIL,PASS,0.15782122905027932,0.16462418300653595,0.5428921568627451,0.29248366013071897,9,0.8382058878596298,0.361843426733232,0.49872773536895676,0.9854309972253374,0.9797593966829188,-0.005671600542418664,0.588670186307634,0.585324557194203,-0.003345629113431059,0.45216550331491495,0.37321510504605937,0.5649628457026286,0.5355394452323989,-0.1917477406565692,36.9,0.6313686313686314,43.9,0.05516061349119994,-0.2960171623929724,0.6966292134831461,15.34949733885275,1.0915153276934781,FAIL,FAIL,NO EVIDENCE OF EDGE
M&M.NS,Consumer Discretionary,Large Cap,2467,FAIL,PASS,0.2010796221322537,0.17327339599509603,0.5169595422966898,0.30976706170821416,9,0.8393416675098013,0.35458910864766385,0.5129358830146231,1.0576055872029566,1.0415606763500602,-0.016044910852896388,0.6411583312094336,0.6319265341420168,-0.009231797067416725,0.6689360093876511,0.5954606505613164,1.0463047605149534,0.9992333027955859,-0.450844109953637,16.400000000000002,0.8361638361638362,9.6,0.11327085562244488,-0.22914474896892337,0.5260355029585799,16.253254437869824,1.1598882470540568,FAIL,FAIL,NO EVIDENCE OF EDGE
BAJAJ-AUTO.NS,Consumer Discretionary,Large Cap,2467,PASS,PASS,0.20343839541547276,0.14793624846751124,0.5590519002860646,0.2930118512464242,9,0.8617506379248945,0.3787888501465681,0.5391304347826087,1.0228829172535792,1.0148575780989813,-0.00802533915459791,0.6187638432614585,0.6144464264751466,-0.004317416786311923,1.0806805630210818,0.9905208832646168,1.3332677708588347,1.0043892557415548,-0.3427468875942179,80.10000000000001,0.1998001998001998,45.6,0.17900135024422736,-0.3739776163695272,0.5437869822485207,16.551479289940826,1.2860837424576166,FAIL,FAIL,NO EVIDENCE OF EDGE
HEROMOTOCO.NS,Consumer Discretionary,Large Cap,2468,PASS,PASS,0.15535444947209656,0.19321895424836602,0.5290032679738562,0.2777777777777778,9,0.849033943975205,0.34330914163875503,0.5245901639344263,1.0686285917932974,1.054777017427227,-0.013851574366070318,0.6433253222876366,0.6366152867297763,-0.006710035557860317,0.15941123965662374,0.07117726196551485,0.8105384867974127,0.6662668685245333,-0.7393612248318978,26.1,0.7392607392607392,72.60825780463243,-0.0015374246524341162,-0.3502694699783863,0.25192193968066234,14.157303370786517,1.0416533729749087,FAIL,FAIL,NO EVIDENCE OF EDGE
EICHERMOT.NS,Consumer Discretionary,Large Cap,2468,PASS,PASS,0.14032697547683926,0.1854575163398693,0.508578431372549,0.3059640522875817,9,0.8540775539041211,0.3446327940661899,0.5094991364421416,1.0451226816723678,1.0269622273475312,-0.018160454324836595,0.6303094364909931,0.6195966498084129,-0.010712786682580244,0.30336356731413905,0.18396441360603255,0.7718192647567544,0.9011905150980369,-0.5878548511507219,4.3,0.957042957042957,9.700000000000001,0.017029510351656896,-0.3062132510768486,0.34180958013010054,21.608515671200472,1.075512617930078,FAIL,FAIL,NO EVIDENCE OF EDGE
TMPV.NS,Consumer Discretionary,Large Cap,2468,FAIL,FAIL,0.07770700636942679,0.3055555555555556,0.3729575163398693,0.3214869281045752,9,0.8563136617928889,0.36137470962373053,0.4652567975830816,1.129168222436361,1.117781665051541,-0.011386557384819973,0.6865977597546492,0.6786657885316247,-0.00793197122302447,-0.8056553568946787,-0.8436877330499105,0.817023390439626,0.7464384956394913,-1.6607111234895364,7.3,0.9270729270729271,1.7167381974248928,-0.19808241533570625,-0.7743870495154725,0.19633353045535187,8.64340626848019,0.7001627955323011,FAIL,FAIL,WEAK / INCONCLUSIVE
TATASTEEL.NS,Materials,Large Cap,2468,PASS,PASS,0.17920353982300888,0.22549019607843138,0.40522875816993464,0.369281045751634,9,0.842723782349469,0.32512499044200205,0.5191409897292251,1.0864375649265743,1.0806164192890817,-0.005821145637492586,0.659318686786935,0.6559224895282124,-0.003396197258722533,1.008770432183443,0.9386553699525509,1.1746481531191921,0.9587827770255348,-0.23599278316664118,78.9,0.21178821178821178,56.10000000000001,0.2250180707202929,-0.24758782595598566,0.6333530455351862,17.435836782968657,1.2401231799167693,FAIL,FAIL,NO EVIDENCE OF EDGE
JSWSTEEL.NS,Materials,Large Cap,2464,FAIL,PASS,0.22058823529411764,0.16693944353518822,0.4950900163666121,0.33797054009819966,9,0.8024061652531082,0.3569250647109888,0.5265151515151515,1.002232127280889,0.9989744654538155,-0.0032576618270734325,0.6057974636482875,0.6043810486163574,-0.0014164150319300184,1.0470100822681245,1.0243447970055393,0.9676249924250425,0.984894653183993,0.05671980458049675,89.5,0.10589410589410589,96.8,0.29603732728305787,-0.3121963590450441,0.9389448725548311,6.721991701244813,1.2079216351100368,FAIL,PASS,NO EVIDENCE OF EDGE
HINDALCO.NS,Materials,Large Cap,2468,FAIL,PASS,0.2,0.22181372549019607,0.3897058823529412,0.38848039215686275,9,0.8208651613861554,0.34792134671342495,0.5317348377997179,1.0931659157562468,1.0769704451815965,-0.016195470574650317,0.6641077564916803,0.6541347429710982,-0.009973013520582108,0.3521607265497821,0.3211230389870582,1.0777818172303362,0.869474068313426,-0.756658778243278,0.4,0.996003996003996,0.3,0.05217679071751058,-0.6817236536965813,0.8379657007687759,10.580721466587818,1.0674107787970404,FAIL,FAIL,NO EVIDENCE OF EDGE
VEDL.NS,Materials,Large Cap,2468,FAIL,PASS,0.23565573770491802,0.2222222222222222,0.37745098039215685,0.40032679738562094,9,0.8318924265264069,0.35443213155457864,0.5273972602739726,1.084420306564699,1.072416439930004,-0.012003866634694882,0.6583616190035464,0.6509762782730708,-0.007385340730475587,0.18725136200995077,0.12753041932868234,0.9078610098742739,0.7414346315311331,-0.7803305905455915,0.7000000000000001,0.993006993006993,0.0,-0.06285581746203595,-0.6786666627914187,0.6889414547604967,25.48314606741573,1.041406492765847,FAIL,FAIL,NO EVIDENCE OF EDGE
JINDALSTEL.NS,Materials,Mid Cap,2468,FAIL,PASS,0.18421052631578946,0.255718954248366,0.3366013071895425,0.4076797385620915,9,0.8148568908956051,0.331365642515917,0.5328125,1.0924111687561833,1.0828991000703367,-0.009512068685846531,0.6625329618180977,0.6564845910750126,-0.006048370743085174,0.9457906701241587,0.9067221878733317,1.3507167250893526,1.029150123477217,-0.4439945372160209,41.099999999999994,0.5894105894105894,26.3,0.262258060411076,-0.3390211336563145,0.7569485511531638,12.070963926670608,1.1981807493455818,FAIL,FAIL,NO EVIDENCE OF EDGE
HINDUNILVR.NS,Consumer Staples,Large Cap,2468,PASS,PASS,0.1843575418994413,0.14665032679738563,0.6070261437908496,0.24632352941176472,9,0.8532249886065765,0.3237317504361828,0.486318407960199,0.9813269232662456,0.9646334363523271,-0.016693486913918476,0.5697595827827091,0.5622100220869695,-0.007549560695739643,0.15971518015119637,0.1386159174938039,-0.11321648362986667,0.19005712092728383,0.25183240112367056,62.8,0.3726273726273726,97.89999999999999,0.007104102472960339,-0.3219041880125394,0.9515079834417505,4.470727380248373,1.0276138301364626,FAIL,PASS,NO EVIDENCE OF EDGE
ITC.NS,Consumer Staples,Large Cap,2469,PASS,PASS,0.14285714285714285,0.1445487954267048,0.6410779910167416,0.2143732135565537,9,0.8548662313765857,0.3601331285202252,0.48813982521847693,0.9087707744964881,0.89858767697376,-0.010183097522728168,0.5291472337851657,0.5235213608385565,-0.005625872946609212,0.07275834322818661,0.02395325698319401,0.4076879724182957,0.39536047242050315,-0.3837347154351017,34.699999999999996,0.6533466533466533,79.22235722964763,-0.005856528797272054,-0.34950869138382606,0.4734042553191489,6.553191489361702,1.0127392529249342,FAIL,FAIL,NO EVIDENCE OF EDGE
NESTLEIND.NS,Consumer Staples,Large Cap,2468,PASS,PASS,0.2748091603053435,0.10702614379084967,0.6368464052287581,0.25612745098039214,9,0.8325509799164612,0.3195074784855627,0.5065176908752328,0.8544412646248629,0.8538567658679749,-0.0005844987568880411,0.5001087879127608,0.49736789321607344,-0.002740894696687368,0.685133795642763,0.6685455812623361,0.362205827910898,0.6655887927316692,0.3063397533514381,85.1,0.14985014985014986,90.2,0.1280578345982082,-0.22879899474107931,0.9532820816085157,3.576581904198699,1.131306646627959,FAIL,PASS,NO EVIDENCE OF EDGE
BRITANNIA.NS,Consumer Staples,Large Cap,2464,PASS,PASS,0.1300219138056976,0.15711947626841244,0.5654664484451718,0.2774140752864157,9,0.8600538447763829,0.34011959985320644,0.5061307901907357,0.9808859778869622,0.9634133788294527,-0.01747259905750953,0.5801074455685092,0.571515791884222,-0.00859165368428727,0.2942460401729249,0.24592798694566836,0.6415966613772638,0.5584661169699608,-0.3956686744315954,39.800000000000004,0.6023976023976024,47.4,0.02903971767539426,-0.34588536200305986,0.8689982216953172,9.112033195020748,1.0518561077122408,FAIL,FAIL,NO EVIDENCE OF EDGE
DABUR.NS,Consumer Staples,Large Cap,2468,PASS,PASS,0.15342465753424658,0.15073529411764705,0.639297385620915,0.2099673202614379,9,0.835525608623852,0.31992757319837395,0.5167381974248927,0.9107080865478479,0.8974875760222385,-0.013220510525609352,0.5289426007598251,0.5205548345649206,-0.008387766194904556,0.3311532617869807,0.22340353986954256,-0.33445810691045896,0.09673187846800758,0.5578616467800015,79.10000000000001,0.2097902097902098,89.60244648318043,0.024340937525386463,-0.3555455303948037,0.6895328208160851,19.522176227084568,1.0590824499954674,FAIL,PASS,NO EVIDENCE OF EDGE
MARICO.NS,Consumer Staples,Mid Cap,2468,PASS,PASS,0.1522491349480969,0.11805555555555555,0.6646241830065359,0.2173202614379085,9,0.8269405649151843,0.3463986753346615,0.48846960167714887,0.8639290828263525,0.8672178720739045,0.0032887892475520486,0.5006262827071615,0.5027291959466761,0.0021029132395146144,0.10727017397553334,-0.08453977427390486,0.541500739899819,0.688642324972128,-0.6260405141737237,17.7,0.8231768231768232,39.1,-0.020277289196521497,-0.3039692136690246,0.2814902424600828,25.930218805440568,1.003646423586685,FAIL,FAIL,NO EVIDENCE OF EDGE
TITAN.NS,Consumer Discretionary,Large Cap,2468,FAIL,PASS,0.25548726953467954,0.15849673202614378,0.4652777777777778,0.3762254901960784,9,0.8606555116945659,0.3171219545600715,0.5184956843403206,1.0398319365415802,1.014448098311959,-0.025383838229621203,0.6346507138296897,0.6162169303918283,-0.018433783437861395,1.0161297197017176,1.0070812934585684,0.8392450894598588,0.8982364835177322,0.1678362039987097,92.80000000000001,0.07292707292707293,99.7,0.24857171086896712,-0.2862777491909941,0.9597871082199881,2.2353636901241867,1.200946866898139,FAIL,PASS,NO EVIDENCE OF EDGE
SUNPHARMA.NS,Healthcare,Large Cap,2468,PASS,PASS,0.1840909090909091,0.17973856209150327,0.5351307189542484,0.28513071895424835,9,0.8324708706092491,0.31731634231634237,0.47580645161290325,0.9831371408130862,0.9776618536417158,-0.005475287171370469,0.5843202020362911,0.5837411218069348,-0.0005790802293562658,-0.12158691160614396,-0.26704401544997763,0.7530636655810138,1.1177836433845962,-1.0201076810309915,4.5,0.955044955044955,5.6000000000000005,-0.03800706424107125,-0.3189502699797776,0.21998817267888823,17.28681253696038,0.9301860047667831,FAIL,FAIL,NO EVIDENCE OF EDGE
DRREDDY.NS,Healthcare,Large Cap,2468,PASS,PASS,0.31143552311435524,0.17401960784313725,0.5718954248366013,0.2540849673202614,9,0.8512263357151495,0.2925705271252005,0.4932170542635659,0.9711981429197156,0.9784087096706655,0.007210566750949887,0.574647077572651,0.5821912363683944,0.007544158795743439,-0.24875950777793215,-0.3860981201598024,0.33825262014992136,0.6300771188396365,-0.7243507403097238,8.7,0.913086913086913,32.053941908713696,-0.08869308170444667,-0.5685783271185992,0.6102897693672383,26.52631578947368,0.9263167645713362,FAIL,FAIL,NO EVIDENCE OF EDGE
CIPLA.NS,Healthcare,Large Cap,2468,PASS,PASS,0.16666666666666663,0.14950980392156862,0.6339869281045751,0.21650326797385622,9,0.8176207255542041,0.3211091091640808,0.5333333333333333,0.9248562753065137,0.913606477225756,-0.011249798080757656,0.5385993119191761,0.5345999320111419,-0.0039993799080342285,0.09836801475740001,-0.0396900542644988,0.6252095344020492,0.82280837490664,-0.664899588666548,16.400000000000002,0.8361638361638362,51.453855878634634,-0.010139380516694385,-0.2344035291878893,0.13305736250739209,14.902424600827912,1.0156019705518358,FAIL,FAIL,NO EVIDENCE OF EDGE
DIVISLAB.NS,Healthcare,Large Cap,2468,FAIL,PASS,0.2197309417040359,0.18218954248366012,0.5061274509803921,0.3116830065359477,9,0.8406321758613494,0.3109161781265562,0.5067720090293454,1.0168873852937683,1.0151050571814384,-0.0017823281123299228,0.6140883821851113,0.6114336773333994,-0.002654704851711931,0.5057080712289141,0.38176027014139474,0.7103923074903831,1.012771960988617,-0.3286320373489883,17.599999999999998,0.8241758241758241,9.3,0.06004392735522157,-0.510045649131459,0.5239503252513306,26.079243051448845,1.1152834466253885,FAIL,FAIL,NO EVIDENCE OF EDGE
APOLLOHOSP.NS,Healthcare,Large Cap,2468,FAIL,PASS,0.26973684210526316,0.18627450980392157,0.49019607843137253,0.3235294117647059,9,0.8321184645424142,0.27970405516457725,0.5122591943957968,1.053141837173845,1.0259765572952755,-0.027165279878569537,0.6323977087155648,0.6201581950339194,-0.012239513681645331,0.6028149929427139,0.47156843343122395,0.8760100698451482,1.020592700224571,-0.4044416364139242,26.1,0.7392607392607392,5.5,0.0913959334429375,-0.44425730967302873,0.6753400354819633,33.23240685984624,1.128893254919437,FAIL,FAIL,NO EVIDENCE OF EDGE
LT.NS,Industrials,Large Cap,2468,FAIL,PASS,0.2961956521739131,0.1527777777777778,0.5437091503267973,0.3035130718954248,9,0.8476454812252503,0.2817392958170128,0.49804839968774395,1.033002046199278,1.000391911372328,-0.032610134826949855,0.6155922098531728,0.6032419420063521,-0.012350267846820695,0.28252754926958,0.22142396526385785,0.6683047142063177,0.757921882661025,-0.44688074894245977,12.2,0.8781218781218781,1.0,0.024092788647838592,-0.5150056451855136,0.7581312832643406,15.20047309284447,1.0542968463548767,FAIL,FAIL,NO EVIDENCE OF EDGE
ADANIENT.NS,Industrials,Large Cap,2468,FAIL,PASS,0.3107981220657277,0.22712418300653595,0.3374183006535948,0.4354575163398693,9,0.8343555131070634,0.34111619810180177,0.5336442371752165,1.0815427691573618,1.072638872907584,-0.008903896249777832,0.6558977822750854,0.6504014544064611,-0.005496327868624307,1.0250440771255087,0.9972692210212303,1.5444210723948548,1.1477236606883272,-0.5471518513736245,62.8,0.3726273726273726,0.8999999999999999,0.4386375838631271,-0.7134660639372066,0.8882318154937907,13.412182140745122,1.252390632987848,FAIL,FAIL,NO EVIDENCE OF EDGE
ADANIPORTS.NS,Industrials,Large Cap,2468,FAIL,PASS,0.18448637316561847,0.2005718954248366,0.4485294117647059,0.3508986928104575,9,0.8330180061914311,0.325027253525727,0.49209932279909707,1.1084708551570746,1.0687646021800974,-0.03970625297697716,0.6725836281919311,0.648082088238514,-0.024501539953417084,0.061991577304298086,0.027057720640500403,0.7878396619186989,0.7601681539786225,-0.7607819412781985,0.0,1.0,0.1,-0.05062982300325103,-0.7270589977776506,0.7865168539325843,12.070963926670608,1.0089345510342425,FAIL,FAIL,NO EVIDENCE OF EDGE
ULTRACEMCO.NS,Materials,Large Cap,2468,PASS,PASS,0.3042452830188679,0.17320261437908496,0.5334967320261438,0.29330065359477125,9,0.837137930497503,0.3387459825520341,0.5055292259083728,0.9748332470518485,0.9831390930627542,0.008305846010905671,0.5785845416745213,0.5890638838155207,0.010479342140999326,-0.04461363968884834,-0.2243697281799431,0.8133212776538793,0.736895468073899,-1.0376910058338225,2.0,0.98001998001998,2.9000000000000004,-0.05855047054248552,-0.4361738779748914,0.3607332939089296,33.97752808988764,0.957310178188536,FAIL,FAIL,NO EVIDENCE OF EDGE
GRASIM.NS,Materials,Large Cap,2468,FAIL,PASS,0.19852941176470587,0.16666666666666666,0.5073529411764706,0.32598039215686275,9,0.8488581445555873,0.3574765592727531,0.5223061084420041,1.0079816687447334,0.9998034336449345,-0.00817823509979887,0.6069236577894535,0.6037480635482152,-0.0031755942412382554,0.7326808437694914,0.7106991659640685,1.257893100408999,0.9536618229507121,-0.5471939344449306,28.199999999999996,0.7182817182817183,6.5,0.16425994512974795,-0.46854038114885455,0.8610289769367239,5.811945594322886,1.1542549034014942,FAIL,FAIL,NO EVIDENCE OF EDGE
BEL.NS,Industrials,Large Cap,2468,FAIL,PASS,0.16153846153846155,0.22549019607843138,0.4027777777777778,0.37173202614379086,9,0.8303845924790529,0.3485400744660004,0.515850144092219,1.0876493959386317,1.0688567224559273,-0.018792673482704414,0.6603078819749837,0.648479564454953,-0.011828317520030662,0.7251216914324725,0.6871646695525759,0.9929515757510257,1.231803719702606,-0.3057869061984497,17.4,0.8261738261738262,4.1000000000000005,0.15388036694214868,-0.49176430628266704,0.615612063867534,9.686575990538143,1.1703362653552256,FAIL,FAIL,NO EVIDENCE OF EDGE
